{
  "students": [
    {
      "firstname": "محسن",
      "lastname": "محسنی",
      "fatherName": "پدرام",
      "shenasnameCode": "۵۴۸۸۶۴۸۶۶",
      "fatherNumber": "۶۵۹۶۶۸۹۶۵",
      "homeNumber": "۵۴۷۸۶۵۵",
      "classNumber": "۲۰۱",
      "studentInfo": "بد نیست",
      "id": 1,
      "birthday": "1330/1/1"
    }
  ],
  "teachers": [
    {
      "firstname": "محمد",
      "lastname": "صیاداربابی",
      "fatherName": "محمد",
      "shenasnameCode": "۵۴۷۷۸۹۶",
      "lesson": "فیزیک",
      "id": 1,
      "birthday": "1345/5/16"
    }
  ],
  "classes": [
    {
      "classLesson": "فیزیک",
      "classNumber": "۲۰۱",
      "teacherName": "محمد صیاداربابی",
      "classInfo": "بد نیست",
      "students": [
        {
          "firstname": "محسن",
          "lastname": "محسنی",
          "fatherName": "پدرام",
          "shenasnameCode": "۵۴۸۸۶۴۸۶۶",
          "fatherNumber": "۶۵۹۶۶۸۹۶۵",
          "homeNumber": "۵۴۷۸۶۵۵",
          "classNumber": "۲۰۱",
          "studentInfo": "بد نیست",
          "id": 1,
          "birthday": "1330/1/1"
        }
      ],
      "id": 1
    },
    {
      "classLesson": "ریاضی ۱",
      "classNumber": "۱۰۱",
      "teacherName": "محمد صیاداربابی",
      "classInfo": "خوب",
      "students": [],
      "id": 2
    }
  ]
}